<?xml version="1.0" encoding="UTF-8"?>
<!-- 
Copyright (C) 2015 Real-Time Innovations, Inc.

Licensed under the Apache License, Version 2.0 (the "License");
you may not use this file except in compliance with the License.
You may obtain a copy of the License at

    http://www.apache.org/licenses/LICENSE-2.0

Unless required by applicable law or agreed to in writing, software
distributed under the License is distributed on an "AS IS" BASIS,
WITHOUT WARRANTIES OR CONDITIONS OF ANY KIND, either express or implied.
See the License for the specific language governing permissions and
limitations under the License.
-->
<types xmlns:xsi="http://www.w3.org/2001/XMLSchema-instance"
	xsi:noNamespaceSchemaLocation="/Applications/rti_connext_dds-5.2.0/bin/../resource/app/app_support/rtiddsgen/schema/rti_dds_topic_types.xsd">
	<include file="json.xml" />
	<module name="tutorial">
		<const name="MAX_COLOR_LEN" type="long" value="128" />
		<struct name="ShapeType">
			<member name="x" id="0" type="long" />
			<member name="y" id="1" type="long" />
			<member name="shapesize" id="2" type="long" />
			<member name="color" stringMaxLength="tutorial::MAX_COLOR_LEN"
				id="3" type="string" key="true" />
			<member name="properties" id="4" type="nonBasic"
				nonBasicTypeName="JSON::object" />
		</struct>
	</module>
</types>
